Word,Sentiment
abandon,0
abandoned,0
abandoning,0
abandonment,0
abandonments,0
abandons,0
abdicated,0
abdicates,0
abdicating,0
abdication,0
abdications,0
aberrant,0
aberration,0
aberrational,0
aberrations,0
abetting,0
abeyance,0
abeyances,0
able,1
abnormal,0
abnormalities,0
abnormality,0
abnormally,0
abolish,0
abolished,0
abolishes,0
abolishing,0
abrogate,0
abrogated,0
abrogates,0
abrogating,0
abrogation,0
abrogations,0
abrupt,0
abruptly,0
abruptness,0
absence,0
absences,0
absenteeism,0
abundance,1
abundant,1
abuse,0
abused,0
abuses,0
abusing,0
abusive,0
abusively,0
abusiveness,0
accident,0
accidental,0
accidentally,0
accidents,0
acclaimed,1
accomplish,1
accomplished,1
accomplishes,1
accomplishing,1
accomplishment,1
accomplishments,1
accusation,0
accusations,0
accuse,0
accused,0
accuses,0
accusing,0
achieve,1
achieved,1
achievement,1
achievements,1
achieves,1
achieving,1
acquiesce,0
acquiesced,0
acquiesces,0
acquiescing,0
acquit,0
acquits,0
acquittal,0
acquittals,0
acquitted,0
acquitting,0
adequately,1
adulterate,0
adulterated,0
adulterating,0
adulteration,0
adulterations,0
advancement,1
advancements,1
advances,1
advancing,1
advantage,1
advantaged,1
advantageous,1
advantageously,1
advantages,1
adversarial,0
adversaries,0
adversary,0
adverse,0
adversely,0
adversities,0
adversity,0
aftermath,0
aftermaths,0
against,0
aggravate,0
aggravated,0
aggravates,0
aggravating,0
aggravation,0
aggravations,0
alerted,0
alerting,0
alienate,0
alienated,0
alienates,0
alienating,0
alienation,0
alienations,0
allegation,0
allegations,0
allege,0
alleged,0
allegedly,0
alleges,0
alleging,0
alliance,1
alliances,1
almost,0
alteration,0
alterations,0
ambiguities,0
ambiguity,0
ambiguous,0
annoy,0
annoyance,0
annoyances,0
annoyed,0
annoying,0
annoys,0
annul,0
annulled,0
annulling,0
annulment,0
annulments,0
annuls,0
anomalies,0
anomalous,0
anomalously,0
anomaly,0
anticipate,0
anticipated,0
anticipates,0
anticipating,0
anticipation,0
anticipations,0
anticompetitive,0
antitrust,0
apparent,0
apparently,0
appear,0
appeared,0
appearing,0
appears,0
approximate,0
approximated,0
approximately,0
approximates,0
approximating,0
approximation,0
approximations,0
arbitrarily,0
arbitrariness,0
arbitrary,0
argue,0
argued,0
arguing,0
argument,0
argumentative,0
arguments,0
arrearage,0
arrearages,0
arrears,0
arrest,0
arrested,0
arrests,0
artificially,0
assault,0
assaulted,0
assaulting,0
assaults,0
assertions,0
assume,0
assumed,0
assumes,0
assuming,0
assumption,0
assumptions,0
assure,1
assured,1
assures,1
assuring,1
attain,1
attained,1
attaining,1
attainment,1
attainments,1
attains,1
attractive,1
attractiveness,1
attrition,0
aversely,0
backdating,0
bad,0
bail,0
bailout,0
balk,0
balked,0
bankrupt,0
bankruptcies,0
bankruptcy,0
bankrupted,0
bankrupting,0
bankrupts,0
bans,0
barred,0
barrier,0
barriers,0
beautiful,1
beautifully,1
believe,0
believed,0
believes,0
believing,0
beneficial,-2020
beneficially,1
benefit,-2020
benefited,1
benefiting,1
benefitted,1
benefitting,1
best,1
better,1
bolstered,1
bolstering,1
bolsters,1
boom,1
booming,1
boost,1
boosted,1
bottleneck,0
bottlenecks,0
boycott,0
boycotted,0
boycotting,0
boycotts,0
breach,0
breached,0
breaches,0
breaching,0
break,0
breakage,0
breakages,0
breakdown,0
breakdowns,0
breaking,0
breaks,0
breakthrough,1
breakthroughs,1
bribe,0
bribed,0
briberies,0
bribery,0
bribes,0
bribing,0
bridge,0
brilliant,1
broken,0
burden,0
burdened,0
burdening,0
burdens,0
burdensome,0
burned,0
calamities,0
calamitous,0
calamity,0
cancel,0
canceled,0
canceling,0
cancellation,0
cancellations,0
cancelled,0
cancelling,0
cancels,0
careless,0
carelessly,0
carelessness,0
catastrophe,0
catastrophes,0
catastrophic,0
catastrophically,0
caution,0
cautionary,0
cautioned,0
cautioning,0
cautions,0
cautious,0
cautiously,0
cautiousness,0
cease,0
ceased,0
ceases,0
ceasing,0
censure,0
censured,0
censures,0
censuring,0
challenge,0
challenged,0
challenges,0
challenging,0
chargeoffs,0
charitable,1
circumvent,0
circumvented,0
circumventing,0
circumvention,0
circumventions,0
circumvents,0
claiming,0
claims,0
clarification,0
clarifications,0
clawback,0
closed,0
closeout,0
closeouts,0
closing,0
closings,0
closure,0
closures,0
coerce,0
coerced,0
coerces,0
coercing,0
coercion,0
coercive,0
collaborate,1
collaborated,1
collaborates,1
collaborating,1
collaboration,1
collaborations,1
collaborative,1
collaborator,1
collaborators,1
collapse,0
collapsed,0
collapses,0
collapsing,0
collision,0
collisions,0
collude,0
colluded,0
colludes,0
colluding,0
collusion,0
collusions,0
collusive,0
complain,0
complained,0
complaining,0
complains,0
complaint,0
complaints,0
complicate,0
complicated,0
complicates,0
complicating,0
complication,0
complications,0
compliment,1
complimentary,1
complimented,1
complimenting,1
compliments,1
compulsion,0
concealed,0
concealing,0
concede,0
conceded,0
concedes,0
conceding,0
conceivable,0
conceivably,0
concern,0
concerned,0
concerns,0
conciliating,0
conciliation,0
conciliations,0
conclusive,1
conclusively,1
condemn,0
condemnation,0
condemnations,0
condemned,0
condemning,0
condemns,0
conditional,0
conditionally,0
condone,0
condoned,0
conducive,1
confess,0
confessed,0
confesses,0
confessing,0
confession,0
confident,1
confine,0
confined,0
confinement,0
confinements,0
confines,0
confining,0
confiscate,0
confiscated,0
confiscates,0
confiscating,0
confiscation,0
confiscations,0
conflict,0
conflicted,0
conflicting,0
conflicts,0
confront,0
confrontation,0
confrontational,0
confrontations,0
confronted,0
confronting,0
confronts,0
confuse,0
confused,0
confuses,0
confusing,0
confusingly,0
confusion,0
conspiracies,0
conspiracy,0
conspirator,0
conspiratorial,0
conspirators,0
conspire,0
conspired,0
conspires,0
conspiring,0
constructive,1
constructively,1
contempt,0
contend,0
contended,0
contending,0
contends,0
contention,0
contentions,0
contentious,0
contentiously,0
contested,0
contesting,0
contingencies,0
contingency,0
contingent,0
contingently,0
contingents,0
contraction,0
contractions,0
contradict,0
contradicted,0
contradicting,0
contradiction,0
contradictions,0
contradictory,0
contradicts,0
contrary,0
controversial,0
controversies,0
controversy,0
convict,0
convicted,0
convicting,0
conviction,0
convictions,0
corrected,0
correcting,0
correction,0
corrections,0
corrects,0
corrupt,0
corrupted,0
corrupting,0
corruption,0
corruptions,0
corruptly,0
corruptness,0
costly,0
could,0
counterclaim,0
counterclaimed,0
counterclaiming,0
counterclaims,0
counterfeit,0
counterfeited,0
counterfeiter,0
counterfeiters,0
counterfeiting,0
counterfeits,0
countermeasure,0
countermeasures,0
courteous,1
creative,1
creatively,1
creativeness,1
creativity,1
crime,0
crimes,0
criminal,0
criminally,0
criminals,0
crises,0
crisis,0
critical,0
critically,0
criticism,0
criticisms,0
criticize,0
criticized,0
criticizes,0
criticizing,0
crossroad,0
crossroads,0
crucial,0
crucially,0
culpability,0
culpable,0
culpably,0
cumbersome,0
curtail,0
curtailed,0
curtailing,0
curtailment,0
curtailments,0
curtails,0
cut,0
cutback,0
cutbacks,0
cyberattack,0
cyberattacks,0
cyberbullying,0
cybercrime,0
cybercrimes,0
cybercriminal,0
cybercriminals,0
damage,0
damaged,0
damages,0
damaging,0
dampen,0
dampened,0
danger,0
dangerous,0
dangerously,0
dangers,0
deadlock,0
deadlocked,0
deadlocking,0
deadlocks,0
deadweight,0
deadweights,0
debarment,0
debarments,0
debarred,0
deceased,0
deceit,0
deceitful,0
deceitfulness,0
deceive,0
deceived,0
deceives,0
deceiving,0
deception,0
deceptions,0
deceptive,0
deceptively,0
decline,0
declined,0
declines,0
declining,0
deface,0
defaced,0
defacement,0
defamation,0
defamations,0
defamatory,0
defame,0
defamed,0
defames,0
defaming,0
default,0
defaulted,0
defaulting,0
defaults,0
defeat,0
defeated,0
defeating,0
defeats,0
defect,0
defective,0
defects,0
defend,0
defendant,0
defendants,0
defended,0
defending,0
defends,0
defensive,0
defer,0
deficiencies,0
deficiency,0
deficient,0
deficit,0
deficits,0
defraud,0
defrauded,0
defrauding,0
defrauds,0
defunct,0
degradation,0
degradations,0
degrade,0
degraded,0
degrades,0
degrading,0
delay,0
delayed,0
delaying,0
delays,0
deleterious,0
deliberate,0
deliberated,0
deliberately,0
delight,1
delighted,1
delightful,1
delightfully,1
delighting,1
delights,1
delinquencies,0
delinquency,0
delinquent,0
delinquently,0
delinquents,0
delist,0
delisted,0
delisting,0
delists,0
demise,0
demised,0
demises,0
demising,0
demolish,0
demolished,0
demolishes,0
demolishing,0
demolition,0
demolitions,0
demote,0
demoted,0
demotes,0
demoting,0
demotion,0
demotions,0
denial,0
denials,0
denied,0
denies,0
denigrate,0
denigrated,0
denigrates,0
denigrating,0
denigration,0
deny,0
denying,0
depend,0
dependability,1
dependable,1
depended,0
dependence,0
dependencies,0
dependency,0
dependent,0
depending,0
depends,0
deplete,0
depleted,0
depletes,0
depleting,0
depletion,0
depletions,0
deprecation,0
depress,0
depressed,0
depresses,0
depressing,0
deprivation,0
deprive,0
deprived,0
deprives,0
depriving,0
derelict,0
dereliction,0
derogatory,0
desirable,1
desired,1
despite,1
destabilization,0
destabilize,0
destabilized,0
destabilizing,0
destined,1
destroy,0
destroyed,0
destroying,0
destroys,0
destruction,0
destructive,0
detain,0
detained,0
detention,0
detentions,0
deter,0
deteriorate,0
deteriorated,0
deteriorates,0
deteriorating,0
deterioration,0
deteriorations,0
deterred,0
deterrence,0
deterrences,0
deterrent,0
deterrents,0
deterring,0
deters,0
detract,0
detracted,0
detracting,0
detriment,0
detrimental,0
detrimentally,0
detriments,0
devalue,0
devalued,0
devalues,0
devaluing,0
devastate,0
devastated,0
devastating,0
devastation,0
deviate,0
deviated,0
deviates,0
deviating,0
deviation,0
deviations,0
devolve,0
devolved,0
devolves,0
devolving,0
differ,0
differed,0
differing,0
differs,0
difficult,0
difficulties,0
difficultly,0
difficulty,0
diligent,1
diligently,1
diminish,0
diminished,0
diminishes,0
diminishing,0
diminution,0
disadvantage,0
disadvantaged,0
disadvantageous,0
disadvantages,0
disaffiliation,0
disagree,0
disagreeable,0
disagreed,0
disagreeing,0
disagreement,0
disagreements,0
disagrees,0
disallow,0
disallowance,0
disallowances,0
disallowed,0
disallowing,0
disallows,0
disappear,0
disappearance,0
disappearances,0
disappeared,0
disappearing,0
disappears,0
disappoint,0
disappointed,0
disappointing,0
disappointingly,0
disappointment,0
disappointments,0
disappoints,0
disapproval,0
disapprovals,0
disapprove,0
disapproved,0
disapproves,0
disapproving,0
disassociates,0
disassociating,0
disassociation,0
disassociations,0
disaster,0
disasters,0
disastrous,0
disastrously,0
disavow,0
disavowal,0
disavowed,0
disavowing,0
disavows,0
disciplinary,0
disclaim,0
disclaimed,0
disclaimer,0
disclaimers,0
disclaiming,0
disclaims,0
disclose,0
disclosed,0
discloses,0
disclosing,0
discontinuance,0
discontinuances,0
discontinuation,0
discontinuations,0
discontinue,0
discontinued,0
discontinues,0
discontinuing,0
discourage,0
discouraged,0
discourages,0
discouraging,0
discredit,0
discredited,0
discrediting,0
discredits,0
discrepancies,0
discrepancy,0
disfavor,0
disfavored,0
disfavoring,0
disfavors,0
disgorge,0
disgorged,0
disgorgement,0
disgorgements,0
disgorges,0
disgorging,0
disgrace,0
disgraceful,0
disgracefully,0
dishonest,0
dishonestly,0
dishonesty,0
dishonor,0
dishonorable,0
dishonorably,0
dishonored,0
dishonoring,0
dishonors,0
disincentives,0
disinterested,0
disinterestedly,0
disinterestedness,0
disloyal,0
disloyally,0
disloyalty,0
dismal,0
dismally,0
dismiss,0
dismissal,0
dismissals,0
dismissed,0
dismisses,0
dismissing,0
disorderly,0
disparage,0
disparaged,0
disparagement,0
disparagements,0
disparages,0
disparaging,0
disparagingly,0
disparities,0
disparity,0
displace,0
displaced,0
displacement,0
displacements,0
displaces,0
displacing,0
dispose,0
dispossess,0
dispossessed,0
dispossesses,0
dispossessing,0
disproportion,0
disproportional,0
disproportionate,0
disproportionately,0
dispute,0
disputed,0
disputes,0
disputing,0
disqualification,0
disqualifications,0
disqualified,0
disqualifies,0
disqualify,0
disqualifying,0
disregard,0
disregarded,0
disregarding,0
disregards,0
disreputable,0
disrepute,0
disrupt,0
disrupted,0
disrupting,0
disruption,0
disruptions,0
disruptive,0
disrupts,0
dissatisfaction,0
dissatisfied,0
dissent,0
dissented,0
dissenter,0
dissenters,0
dissenting,0
dissents,0
dissident,0
dissidents,0
dissolution,0
dissolutions,0
distinction,1
distinctions,1
distinctive,1
distinctively,1
distinctiveness,1
distort,0
distorted,0
distorting,0
distortion,0
distortions,0
distorts,0
distract,0
distracted,0
distracting,0
distraction,0
distractions,0
distracts,0
distress,0
distressed,0
disturb,0
disturbance,0
disturbances,0
disturbed,0
disturbing,0
disturbs,0
diversion,0
divert,0
diverted,0
diverting,0
diverts,0
divest,0
divested,0
divesting,0
divestiture,0
divestitures,0
divestment,0
divestments,0
divests,0
divorce,0
divorced,0
divulge,0
divulged,0
divulges,0
divulging,0
doubt,0
doubted,0
doubtful,0
doubts,0
downgrade,0
downgraded,0
downgrades,0
downgrading,0
downsize,0
downsized,0
downsizes,0
downsizing,0
downsizings,0
downtime,0
downtimes,0
downturn,0
downturns,0
downward,0
downwards,0
drag,0
drastic,0
drastically,0
drawback,0
drawbacks,0
dream,1
dropped,0
drought,0
droughts,0
duress,0
dysfunction,0
dysfunctional,0
dysfunctions,0
easier,1
easily,1
easing,0
easy,1
effective,-2020
efficiencies,1
efficiency,1
efficient,1
efficiently,1
egregious,0
egregiously,0
embargo,0
embargoed,0
embargoes,0
embargoing,0
embarrass,0
embarrassed,0
embarrasses,0
embarrassing,0
embarrassment,0
embarrassments,0
embezzle,0
embezzled,0
embezzlement,0
embezzlements,0
embezzler,0
embezzles,0
embezzling,0
empower,1
empowered,1
empowering,1
empowers,1
enable,1
enabled,1
enables,1
enabling,1
encouraged,1
encouragement,1
encourages,1
encouraging,1
encroach,0
encroached,0
encroaches,0
encroaching,0
encroachment,0
encroachments,0
encumber,0
encumbered,0
encumbering,0
encumbers,0
encumbrance,0
encumbrances,0
endanger,0
endangered,0
endangering,0
endangerment,0
endangers,0
enhance,1
enhanced,1
enhancement,1
enhancements,1
enhances,1
enhancing,1
enjoin,0
enjoined,0
enjoining,0
enjoins,0
enjoy,1
enjoyable,1
enjoyably,1
enjoyed,1
enjoying,1
enjoyment,1
enjoys,1
enthusiasm,1
enthusiastic,1
enthusiastically,1
erode,0
eroded,0
erodes,0
eroding,0
erosion,0
erratic,0
erratically,0
erred,0
erring,0
erroneous,0
erroneously,0
error,0
errors,0
errs,0
escalate,0
escalated,0
escalates,0
escalating,0
evade,0
evaded,0
evades,0
evading,0
evasion,0
evasions,0
evasive,0
evict,0
evicted,0
evicting,0
eviction,0
evictions,0
evicts,0
exacerbate,0
exacerbated,0
exacerbates,0
exacerbating,0
exacerbation,0
exacerbations,0
exaggerate,0
exaggerated,0
exaggerates,0
exaggerating,0
exaggeration,0
excellence,1
excellent,1
excelling,1
excels,1
exceptional,1
exceptionally,1
excessive,0
excessively,0
excited,1
excitement,1
exciting,1
exclusive,1
exclusively,1
exclusiveness,1
exclusives,1
exclusivity,1
exculpate,0
exculpated,0
exculpates,0
exculpating,0
exculpation,0
exculpations,0
exculpatory,0
exemplary,1
exonerate,0
exonerated,0
exonerates,0
exonerating,0
exoneration,0
exonerations,0
exploit,0
exploitation,0
exploitations,0
exploitative,0
exploited,0
exploiting,0
exploits,0
expose,0
exposed,0
exposes,0
exposing,0
exposure,0
exposures,0
expropriate,0
expropriated,0
expropriates,0
expropriating,0
expropriation,0
expropriations,0
expulsion,0
expulsions,0
extenuating,0
fail,0
failed,0
failing,0
failings,0
fails,0
failure,0
failures,0
fallout,0
false,0
falsely,0
falsification,0
falsifications,0
falsified,0
falsifies,0
falsify,0
falsifying,0
falsity,0
fantastic,1
fatalities,0
fatality,0
fatally,0
fault,0
faulted,0
faults,0
faulty,0
favorable,1
favorably,1
favored,1
favoring,1
favorite,1
favorites,1
fear,0
fears,0
felonies,0
felonious,0
felony,0
fictitious,0
fined,0
fines,0
fired,0
firing,0
flaw,0
flawed,0
flaws,0
fluctuate,0
fluctuated,0
fluctuates,0
fluctuating,0
fluctuation,0
fluctuations,0
forbid,0
forbidden,0
forbidding,0
forbids,0
force,0
forced,0
forcing,0
foreclose,0
foreclosed,0
forecloses,0
foreclosing,0
foreclosure,0
foreclosures,0
forego,0
foregoes,0
foregone,0
forestall,0
forestalled,0
forestalling,0
forestalls,0
forfeit,0
forfeited,0
forfeiting,0
forfeits,0
forfeiture,0
forfeitures,0
forgers,0
forgery,0
fraud,0
frauds,0
fraudulence,0
fraudulent,0
fraudulently,0
friendly,1
frivolous,0
frivolously,0
frustrate,0
frustrated,0
frustrates,0
frustrating,0
frustratingly,0
frustration,0
frustrations,0
fugitive,0
fugitives,0
gain,1
gained,1
gaining,1
gains,1
good,1
gratuitous,0
gratuitously,0
great,-2020
greater,-2020
greatest,1
greatly,1
greatness,1
grievance,0
grievances,0
grossly,0
groundless,0
guilty,0
halt,0
halted,0
hamper,0
hampered,0
hampering,0
hampers,0
happiest,1
happily,1
happiness,1
happy,1
harass,0
harassed,0
harassing,0
harassment,0
hardship,0
hardships,0
harm,0
harmed,0
harmful,0
harmfully,0
harming,0
harms,0
harsh,0
harsher,0
harshest,0
harshly,0
harshness,0
hazard,0
hazardous,0
hazards,0
hidden,0
highest,1
hinder,0
hindered,0
hindering,0
hinders,0
hindrance,0
hindrances,0
hinges,0
honor,1
honorable,-2020
honored,1
honoring,1
honors,1
hostile,0
hostility,0
hurt,0
hurting,0
ideal,1
idle,0
idled,0
idling,0
ignore,0
ignored,0
ignores,0
ignoring,0
ill,0
illegal,0
illegalities,0
illegality,0
illegally,0
illegible,0
illicit,0
illicitly,0
illiquid,0
illiquidity,0
imbalance,0
imbalances,0
immature,0
immoral,0
impair,0
impaired,0
impairing,0
impairment,0
impairments,0
impairs,0
impasse,0
impasses,0
impede,0
impeded,0
impedes,0
impediment,0
impediments,0
impeding,0
impending,0
imperative,0
imperfection,0
imperfections,0
imperil,0
impermissible,0
implicate,0
implicated,0
implicates,0
implicating,0
impossibility,0
impossible,0
impound,0
impounded,0
impounding,0
impounds,0
impracticable,0
impractical,0
impracticalities,0
impracticality,0
imprecise,0
imprecision,0
imprecisions,0
impress,1
impressed,1
impresses,1
impressing,1
impressive,1
impressively,1
imprisonment,0
improbability,0
improbable,0
improper,0
improperly,0
improprieties,0
impropriety,0
improve,1
improved,1
improvement,1
improvements,1
improves,1
improving,1
imprudent,0
imprudently,0
inability,0
inaccessible,0
inaccuracies,0
inaccuracy,0
inaccurate,0
inaccurately,0
inaction,0
inactions,0
inactivate,0
inactivated,0
inactivates,0
inactivating,0
inactivation,0
inactivations,0
inactivity,0
inadequacies,0
inadequacy,0
inadequate,0
inadequately,0
inadvertent,0
inadvertently,0
inadvisability,0
inadvisable,0
inappropriate,0
inappropriately,0
inattention,0
incapable,0
incapacitated,0
incapacity,0
incarcerate,0
incarcerated,0
incarcerates,0
incarcerating,0
incarceration,0
incarcerations,0
incidence,0
incidences,0
incident,0
incidents,0
incompatibilities,0
incompatibility,0
incompatible,0
incompetence,0
incompetency,0
incompetent,0
incompetently,0
incompetents,0
incomplete,0
incompletely,0
incompleteness,0
inconclusive,0
inconsistencies,0
inconsistency,0
inconsistent,0
inconsistently,0
inconvenience,0
inconveniences,0
inconvenient,0
incorrect,0
incorrectly,0
incorrectness,0
incredible,1
incredibly,1
indecency,0
indecent,0
indefeasible,0
indefeasibly,0
indefinite,0
indefinitely,0
indefiniteness,0
indeterminable,0
indeterminate,0
indict,0
indictable,0
indicted,0
indicting,0
indictment,0
indictments,0
ineffective,0
ineffectively,0
ineffectiveness,0
inefficiencies,0
inefficiency,0
inefficient,0
inefficiently,0
ineligibility,0
ineligible,0
inequitable,0
inequitably,0
inequities,0
inequity,0
inevitable,0
inexact,0
inexactness,0
inexperience,0
inexperienced,0
inferior,0
inflicted,0
influential,1
informative,1
infraction,0
infractions,0
infringe,0
infringed,0
infringement,0
infringements,0
infringes,0
infringing,0
ingenuity,1
inhibited,0
inimical,0
injunction,0
injunctions,0
injure,0
injured,0
injures,0
injuries,0
injuring,0
injurious,0
injury,0
innovate,1
innovated,1
innovates,1
innovating,1
innovation,1
innovations,1
innovative,1
innovativeness,1
innovator,1
innovators,1
inordinate,0
inordinately,0
inquiry,0
insecure,0
insensitive,0
insightful,1
insolvencies,0
insolvency,0
insolvent,0
inspiration,1
inspirational,1
instabilities,0
instability,0
insubordination,0
insufficiency,0
insufficient,0
insufficiently,0
insurrection,0
insurrections,0
intangible,0
intangibles,0
integrity,1
intentional,0
interfere,0
interfered,0
interference,0
interferences,0
interferes,0
interfering,0
intermittent,0
intermittently,0
interrupt,0
interrupted,0
interrupting,0
interruption,0
interruptions,0
interrupts,0
intimidation,0
intrusion,0
invalid,0
invalidate,0
invalidated,0
invalidates,0
invalidating,0
invalidation,0
invalidity,0
invent,1
invented,1
inventing,1
invention,1
inventions,1
inventive,1
inventiveness,1
inventor,1
inventors,1
investigate,0
investigated,0
investigates,0
investigating,0
investigation,0
investigations,0
involuntarily,0
involuntary,0
irreconcilable,0
irreconcilably,0
irrecoverable,0
irrecoverably,0
irregular,0
irregularities,0
irregularity,0
irregularly,0
irreparable,0
irreparably,0
irreversible,0
jeopardize,0
jeopardized,0
justifiable,0
kickback,0
kickbacks,0
knowingly,0
lack,0
lacked,0
lacking,0
lackluster,0
lacks,0
lag,0
lagged,0
lagging,0
lags,0
lapse,0
lapsed,0
lapses,0
lapsing,0
late,0
laundering,0
layoff,0
layoffs,0
leadership,1
leading,1
lie,0
likelihood,0
limitation,0
limitations,0
lingering,0
liquidate,0
liquidated,0
liquidates,0
liquidating,0
liquidation,0
liquidations,0
liquidator,0
liquidators,0
litigant,0
litigants,0
litigate,0
litigated,0
litigates,0
litigating,0
litigation,0
litigations,0
lockout,0
lockouts,0
lose,0
loses,0
losing,0
loss,0
losses,0
lost,0
loyal,1
lucrative,1
lying,0
malfeasance,0
malfunction,0
malfunctioned,0
malfunctioning,0
malfunctions,0
malice,0
malicious,0
maliciously,0
malpractice,0
manipulate,0
manipulated,0
manipulates,0
manipulating,0
manipulation,0
manipulations,0
manipulative,0
markdown,0
markdowns,0
may,0
maybe,0
meritorious,1
might,0
misapplication,0
misapplications,0
misapplied,0
misapplies,0
misapply,0
misapplying,0
misappropriate,0
misappropriated,0
misappropriates,0
misappropriating,0
misappropriation,0
misappropriations,0
misbranded,0
miscalculate,0
miscalculated,0
miscalculates,0
miscalculating,0
miscalculation,0
miscalculations,0
mischaracterization,0
mischief,0
misclassification,0
misclassifications,0
misclassified,0
misclassify,0
miscommunication,0
misconduct,0
misdated,0
misdemeanor,0
misdemeanors,0
misdirected,0
mishandle,0
mishandled,0
mishandles,0
mishandling,0
misinform,0
misinformation,0
misinformed,0
misinforming,0
misinforms,0
misinterpret,0
misinterpretation,0
misinterpretations,0
misinterpreted,0
misinterpreting,0
misinterprets,0
misjudge,0
misjudged,0
misjudges,0
misjudging,0
misjudgment,0
misjudgments,0
mislabel,0
mislabeled,0
mislabeling,0
mislabelled,0
mislabels,0
mislead,0
misleading,0
misleadingly,0
misleads,0
misled,0
mismanage,0
mismanaged,0
mismanagement,0
mismanages,0
mismanaging,0
mismatch,0
mismatched,0
mismatches,0
mismatching,0
misplaced,0
misprice,0
mispricing,0
mispricings,0
misrepresent,0
misrepresentation,0
misrepresentations,0
misrepresented,0
misrepresenting,0
misrepresents,0
miss,0
missed,0
misses,0
misstate,0
misstated,0
misstatement,0
misstatements,0
misstates,0
misstating,0
misstep,0
missteps,0
mistake,0
mistaken,0
mistakenly,0
mistakes,0
mistaking,0
mistrial,0
mistrials,0
misunderstand,0
misunderstanding,0
misunderstandings,0
misunderstood,0
misuse,0
misused,0
misuses,0
misusing,0
monopolistic,0
monopolists,0
monopolization,0
monopolize,0
monopolized,0
monopolizes,0
monopolizing,0
monopoly,0
moratoria,0
moratorium,0
moratoriums,0
mothballed,0
mothballing,0
nearly,0
negative,0
negatively,0
negatives,0
neglect,0
neglected,0
neglectful,0
neglecting,0
neglects,0
negligence,0
negligences,0
negligent,0
negligently,0
nonassessable,0
nonattainment,0
noncompetitive,0
noncompliance,0
noncompliances,0
noncompliant,0
noncomplying,0
nonconforming,0
nonconformities,0
nonconformity,0
nondisclosure,0
nonfunctional,0
nonpayment,0
nonpayments,0
nonperformance,0
nonperformances,0
nonperforming,0
nonproducing,0
nonproductive,0
nonrecoverable,0
nonrenewal,0
nuisance,0
nuisances,0
nullification,0
nullifications,0
nullified,0
nullifies,0
nullify,0
nullifying,0
objected,0
objecting,0
objection,0
objectionable,0
objectionably,0
objections,0
obscene,0
obscenity,0
obsolescence,0
obsolete,0
obstacle,0
obstacles,0
obstruct,0
obstructed,0
obstructing,0
obstruction,0
obstructions,0
occasionally,0
offence,0
offences,0
offend,0
offended,0
offender,0
offenders,0
offending,0
offends,0
omission,0
omissions,0
omit,0
omits,0
omitted,0
omitting,0
onerous,0
opportunistic,0
opportunistically,0
opportunities,1
opportunity,1
oppose,0
opposed,0
opposes,0
opposing,0
opposition,0
oppositions,0
optimistic,1
ordinarily,0
outage,0
outages,0
outdated,0
outmoded,0
outperform,1
outperformed,1
outperforming,1
outperforms,1
overage,0
overages,0
overbuild,0
overbuilding,0
overbuilds,0
overbuilt,0
overburden,0
overburdened,0
overburdening,0
overcapacities,0
overcapacity,0
overcharge,0
overcharged,0
overcharges,0
overcharging,0
overcome,0
overcomes,0
overcoming,0
overdue,0
overestimate,0
overestimated,0
overestimates,0
overestimating,0
overestimation,0
overestimations,0
overload,0
overloaded,0
overloading,0
overloads,0
overlook,0
overlooked,0
overlooking,0
overlooks,0
overpaid,0
overpayment,0
overpayments,0
overproduced,0
overproduces,0
overproducing,0
overproduction,0
overrun,0
overrunning,0
overruns,0
overshadow,0
overshadowed,0
overshadowing,0
overshadows,0
overstate,0
overstated,0
overstatement,0
overstatements,0
overstates,0
overstating,0
oversupplied,0
oversupplies,0
oversupply,0
oversupplying,0
overtly,0
overturn,0
overturned,0
overturning,0
overturns,0
overvalue,0
overvalued,0
overvaluing,0
panic,0
panics,0
penalize,0
penalized,0
penalizes,0
penalizing,0
penalties,0
penalty,0
pending,0
perfect,1
perfected,1
perfectly,1
perfects,1
perhaps,0
peril,0
perils,0
perjury,0
perpetrate,0
perpetrated,0
perpetrates,0
perpetrating,0
perpetration,0
persist,0
persisted,0
persistence,0
persistent,0
persistently,0
persisting,0
persists,0
pervasive,0
pervasively,0
pervasiveness,0
petty,0
picket,0
picketed,0
picketing,0
plaintiff,0
plaintiffs,0
plea,0
plead,0
pleaded,0
pleading,0
pleadings,0
pleads,0
pleas,0
pleasant,1
pleasantly,1
pleased,1
pleasure,1
pled,0
plentiful,1
poor,0
poorly,0
popular,1
popularity,1
poses,0
posing,0
positive,1
positively,1
possibilities,0
possibility,0
possible,0
possibly,0
postpone,0
postponed,0
postponement,0
postponements,0
postpones,0
postponing,0
precaution,0
precautionary,0
precautions,0
precipitated,0
precipitous,0
precipitously,0
preclude,0
precluded,0
precludes,0
precluding,0
predatory,0
predict,0
predictability,0
predicted,0
predicting,0
prediction,0
predictions,0
predictive,0
predictor,0
predictors,0
predicts,0
preeminence,1
preeminent,1
prejudice,0
prejudiced,0
prejudices,0
prejudicial,0
prejudicing,0
preliminarily,0
preliminary,0
premature,0
prematurely,0
premier,1
premiere,1
pressing,0
prestige,1
prestigious,1
presumably,0
presume,0
presumed,0
presumes,0
presuming,0
presumption,0
presumptions,0
pretrial,0
preventing,0
prevention,0
prevents,0
proactive,1
proactively,1
probabilistic,0
probabilities,0
probability,0
probable,0
probably,0
problem,0
problematic,0
problematical,0
problems,0
proficiency,1
proficient,1
proficiently,1
profitability,1
profitable,1
profitably,1
progress,1
progressed,1
progresses,1
progressing,1
prolong,0
prolongation,0
prolongations,0
prolonged,0
prolonging,0
prolongs,0
prone,0
prosecute,0
prosecuted,0
prosecutes,0
prosecuting,0
prosecution,0
prosecutions,0
prospered,1
prospering,1
prosperity,1
prosperous,1
prospers,1
protest,0
protested,0
protester,0
protesters,0
protesting,0
protestor,0
protestors,0
protests,0
protracted,0
protraction,0
provoke,0
provoked,0
provokes,0
provoking,0
punished,0
punishes,0
punishing,0
punishment,0
punishments,0
punitive,0
purport,0
purported,0
purportedly,0
purporting,0
purports,0
question,0
questionable,0
questionably,0
questioned,0
questioning,0
questions,0
quit,0
quitting,0
racketeer,0
racketeering,0
random,0
randomize,0
randomized,0
randomizes,0
randomizing,0
randomly,0
randomness,0
rationalization,0
rationalizations,0
rationalize,0
rationalized,0
rationalizes,0
rationalizing,0
reassess,0
reassessed,0
reassesses,0
reassessing,0
reassessment,0
reassessments,0
reassign,0
reassigned,0
reassigning,0
reassignment,0
reassignments,0
reassigns,0
rebound,1
rebounded,1
rebounding,1
recalculate,0
recalculated,0
recalculates,0
recalculating,0
recalculation,0
recalculations,0
recall,0
recalled,0
recalling,0
recalls,0
receptive,1
recession,0
recessionary,0
recessions,0
reckless,0
recklessly,0
recklessness,0
reconsider,0
reconsidered,0
reconsidering,0
reconsiders,0
redact,0
redacted,0
redacting,0
redaction,0
redactions,0
redefault,0
redefaulted,0
redefaults,0
redress,0
redressed,0
redresses,0
redressing,0
reexamination,0
reexamine,0
reexamining,0
refusal,0
refusals,0
refuse,0
refused,0
refuses,0
refusing,0
regain,1
regained,1
regaining,1
reinterpret,0
reinterpretation,0
reinterpretations,0
reinterpreted,0
reinterpreting,0
reinterprets,0
reject,0
rejected,0
rejecting,0
rejection,0
rejections,0
rejects,0
relinquish,0
relinquished,0
relinquishes,0
relinquishing,0
relinquishment,0
relinquishments,0
reluctance,0
reluctant,0
renegotiate,0
renegotiated,0
renegotiates,0
renegotiating,0
renegotiation,0
renegotiations,0
renounce,0
renounced,0
renouncement,0
renouncements,0
renounces,0
renouncing,0
reparation,0
reparations,0
repossessed,0
repossesses,0
repossessing,0
repossession,0
repossessions,0
repudiate,0
repudiated,0
repudiates,0
repudiating,0
repudiation,0
repudiations,0
resign,0
resignation,0
resignations,0
resigned,0
resigning,0
resigns,0
resolve,1
restate,0
restated,0
restatement,0
restatements,0
restates,0
restating,0
restructure,0
restructured,0
restructures,0
restructuring,0
restructurings,0
retaliate,0
retaliated,0
retaliates,0
retaliating,0
retaliation,0
retaliations,0
retaliatory,0
retribution,0
retributions,0
revise,0
revised,0
revocation,0
revocations,0
revoke,0
revoked,0
revokes,0
revoking,0
revolutionize,1
revolutionized,1
revolutionizes,1
revolutionizing,1
reward,1
rewarded,1
rewarding,1
rewards,-2020
ridicule,0
ridiculed,0
ridicules,0
ridiculing,0
risk,0
risked,0
riskier,0
riskiest,0
riskiness,0
risking,0
risks,0
risky,0
roughly,0
rumors,0
sabotage,0
sacrifice,0
sacrificed,0
sacrifices,0
sacrificial,0
sacrificing,0
satisfaction,1
satisfactorily,1
satisfactory,1
satisfied,1
satisfies,1
satisfy,1
satisfying,1
scandalous,0
scandals,0
scrutinize,0
scrutinized,0
scrutinizes,0
scrutinizing,0
scrutiny,0
secrecy,0
seems,0
seize,0
seized,0
seizes,0
seizing,0
seldom,0
seldomly,0
sentenced,0
sentencing,0
serious,0
seriously,0
seriousness,0
setback,0
setbacks,0
sever,0
severe,0
severed,0
severely,0
severities,0
severity,0
sharply,0
shocked,0
shortage,0
shortages,0
shortfall,0
shortfalls,0
shrinkage,0
shrinkages,0
shut,0
shutdown,0
shutdowns,0
shuts,0
shutting,0
slander,0
slandered,0
slanderous,0
slanders,0
slippage,0
slippages,0
slow,0
slowdown,0
slowdowns,0
slowed,0
slower,0
slowest,0
slowing,0
slowly,0
slowness,0
sluggish,0
sluggishly,0
sluggishness,0
smooth,1
smoothing,1
smoothly,1
smooths,1
solvencies,0
solvency,0
solves,1
solving,1
sometime,0
sometimes,0
somewhat,0
somewhere,0
spam,0
spammers,0
spamming,0
spectacular,1
spectacularly,1
speculate,0
speculated,0
speculates,0
speculating,0
speculation,0
speculations,0
speculative,0
speculatively,0
sporadic,0
sporadically,0
stability,1
stabilization,1
stabilizations,1
stabilize,1
stabilized,1
stabilizes,1
stabilizing,1
stable,1
staggering,0
stagnant,0
stagnate,0
stagnated,0
stagnates,0
stagnating,0
stagnation,0
standstill,0
standstills,0
stolen,0
stoppage,0
stoppages,0
stopped,0
stopping,0
stops,0
strain,0
strained,0
straining,0
strains,0
strength,1
strengthen,1
strengthened,1
strengthening,1
strengthens,1
strengths,1
stress,0
stressed,0
stresses,0
stressful,0
stressing,0
stringent,0
strong,1
stronger,1
strongest,1
subjected,0
subjecting,0
subjection,0
subpoena,0
subpoenaed,0
subpoenas,0
substandard,0
succeed,1
succeeded,1
succeeding,1
succeeds,1
success,1
successes,1
successful,1
successfully,1
sudden,0
suddenly,0
sue,0
sued,0
sues,0
suffer,0
suffered,0
suffering,0
suffers,0
suggest,0
suggested,0
suggesting,0
suggests,0
suing,0
summoned,0
summoning,0
summons,0
summonses,0
superior,1
surpass,1
surpassed,1
surpasses,1
surpassing,1
susceptibility,0
susceptible,0
suspect,0
suspected,0
suspects,0
suspend,0
suspended,0
suspending,0
suspends,0
suspension,0
suspensions,0
suspicion,0
suspicions,0
suspicious,0
suspiciously,0
taint,0
tainted,0
tainting,0
taints,0
tampered,0
tending,0
tense,0
tentative,0
tentatively,0
terminate,0
terminated,0
terminates,0
terminating,0
termination,0
terminations,0
testify,0
testifying,0
threat,0
threaten,0
threatened,0
threatening,0
threatens,0
threats,0
tightening,0
tolerate,0
tolerated,0
tolerates,0
tolerating,0
toleration,0
tortuous,0
tortuously,0
tragedies,0
tragedy,0
tragic,0
tragically,0
transparency,1
traumatic,0
tremendous,1
tremendously,1
trouble,0
troubled,0
troubles,0
turbulence,0
turmoil,0
unable,0
unacceptable,0
unacceptably,0
unaccounted,0
unannounced,0
unanticipated,0
unapproved,0
unattractive,0
unauthorized,0
unavailability,0
unavailable,0
unavoidable,0
unavoidably,0
unaware,0
uncertain,0
uncertainly,0
uncertainties,0
uncertainty,0
unclear,0
uncollectable,0
uncollected,0
uncollectibility,0
uncollectible,0
uncollectibles,0
uncompetitive,0
uncompleted,0
unconfirmed,0
unconscionable,0
unconscionably,0
uncontrollable,0
uncontrollably,0
uncontrolled,0
uncorrected,0
uncover,0
uncovered,0
uncovering,0
uncovers,0
undecided,0
undefined,0
undeliverable,0
undelivered,0
undercapitalized,0
undercut,0
undercuts,0
undercutting,0
underestimate,0
underestimated,0
underestimates,0
underestimating,0
underestimation,0
underfunded,0
underinsured,0
undermine,0
undermined,0
undermines,0
undermining,0
underpaid,0
underpayment,0
underpayments,0
underpays,0
underperform,0
underperformance,0
underperformed,0
underperforming,0
underperforms,0
underproduced,0
underproduction,0
underreporting,0
understate,0
understated,0
understatement,0
understatements,0
understates,0
understating,0
underutilization,0
underutilized,0
undesignated,0
undesirable,0
undesired,0
undetectable,0
undetected,0
undeterminable,0
undetermined,0
undisclosed,0
undocumented,0
undue,0
unduly,0
uneconomic,0
uneconomical,0
uneconomically,0
unemployed,0
unemployment,0
unethical,0
unethically,0
unexcused,0
unexpected,0
unexpectedly,0
unfair,0
unfairly,0
unfamiliar,0
unfamiliarity,0
unfavorability,0
unfavorable,0
unfavorably,0
unfavourable,0
unfeasible,0
unfit,0
unfitness,0
unforecasted,0
unforeseeable,0
unforeseen,0
unforseen,0
unfortunate,0
unfortunately,0
unfounded,0
unfriendly,0
unfulfilled,0
unfunded,0
unguaranteed,0
unhedged,0
unidentifiable,0
unidentified,0
uninsured,0
unintended,0
unintentional,0
unintentionally,0
unjust,0
unjustifiable,0
unjustifiably,0
unjustified,0
unjustly,0
unknowing,0
unknowingly,0
unknown,0
unknowns,0
unlawful,0
unlawfully,0
unlicensed,0
unliquidated,0
unmarketable,0
unmatched,1
unmerchantable,0
unmeritorious,0
unnecessarily,0
unnecessary,0
unneeded,0
unobservable,0
unobtainable,0
unoccupied,0
unpaid,0
unparalleled,1
unperformed,0
unplanned,0
unpopular,0
unpredictability,0
unpredictable,0
unpredictably,0
unpredicted,0
unproductive,0
unprofitability,0
unprofitable,0
unproved,0
unproven,0
unqualified,0
unquantifiable,0
unquantified,0
unrealistic,0
unreasonable,0
unreasonableness,0
unreasonably,0
unreceptive,0
unreconciled,0
unrecoverable,0
unrecovered,0
unreimbursed,0
unreliable,0
unremedied,0
unreported,0
unresolved,0
unrest,0
unsafe,0
unsalable,0
unsaleable,0
unsatisfactory,0
unsatisfied,0
unsavory,0
unscheduled,0
unseasonable,0
unseasonably,0
unsellable,0
unsettled,0
unsold,0
unsound,0
unspecific,0
unspecified,0
unstabilized,0
unstable,0
unsubstantiated,0
unsuccessful,0
unsuccessfully,0
unsuitability,0
unsuitable,0
unsuitably,0
unsuited,0
unsure,0
unsurpassed,1
unsuspected,0
unsuspecting,0
unsustainable,0
untenable,0
untested,0
untimely,0
untrusted,0
untruth,0
untruthful,0
untruthfully,0
untruthfulness,0
untruths,0
unusable,0
unusual,0
unusually,0
unwanted,0
unwarranted,0
unwelcome,0
unwilling,0
unwillingness,0
unwritten,0
upset,0
upturn,1
upturns,1
urgency,0
urgent,0
usurious,0
usurp,0
usurped,0
usurping,0
usurps,0
usury,0
vagaries,0
vague,0
vaguely,0
vagueness,0
vaguenesses,0
vaguer,0
vaguest,0
valuable,1
vandalism,0
variability,0
variable,0
variables,0
variably,0
variance,0
variances,0
variant,0
variants,0
variation,0
variations,0
varied,0
varies,0
vary,0
varying,0
verdict,0
verdicts,0
versatile,1
versatility,1
vetoed,0
vibrancy,1
vibrant,1
victims,0
violate,0
violated,0
violates,0
violating,0
violation,0
violations,0
violative,0
violator,0
violators,0
violence,0
violent,0
violently,0
vitiate,0
vitiated,0
vitiates,0
vitiating,0
vitiation,0
voided,0
voiding,0
volatile,0
volatilities,0
volatility,0
vulnerabilities,0
vulnerability,0
vulnerable,0
vulnerably,0
warn,0
warned,0
warning,0
warnings,0
warns,0
wasted,0
wasteful,0
wasting,0
weak,0
weaken,0
weakened,0
weakening,0
weakens,0
weaker,0
weakest,0
weakly,0
weakness,0
weaknesses,0
willfully,0
win,1
winner,1
winners,1
winning,1
worries,0
worry,0
worrying,0
worse,0
worsen,0
worsened,0
worsening,0
worsens,0
worst,0
worthless,0
worthy,1
writedown,0
writedowns,0
writeoff,0
writeoffs,0
wrong,0
wrongdoing,0
wrongdoings,0
wrongful,0
wrongfully,0
wrongly,0
